,minimum_features_MLR,full_features_MLR,log_full_features_MLR,ridge_model,lasso_model
train R2,0.8649809042558907,0.8690808199717474,0.8904781498799405,0.926638583535212,0.9255793996637314
test R2,0.8714269194271487,0.8803783314037719,0.9071089306977916,0.9286469765664892,0.925825529745825
train_RMSE,29676.976985215868,29222.92615626781,197099.3265064,21142.187457743818,21294.2647672121
test RMSE,26739.76275297116,25792.14448028733,191468.59749212305,21873.744176516888,22302.01816013792
